"GEOID","urbanPercent","URBAN_POP","TRACT_POP"
"120010002",0.5,9130,18260
"120010003",0.5,6028,12056
"120010004",0.5,5330,10660
"120010005",0.5,5441,10882
"120010006",0.492077464788732,4472,9088
"120010007",0.30798247748844,5062,16436
"120010008",0.421857442962529,8635,20469
"120010009",1,9535,9535
"120010010",0.5,7614,15228
"120010011",0.340684881979237,6596,19361
"120010012",0.430940901785985,14212,32979
"120010014",0.264039155074704,2050,7764
"120010015",0.603195278314847,29638,49135
"120010016",0.5,10468,20936
"120010017",0.406434735340083,11963,29434
"120010018",0.119473539242617,16049,134331
"120010019",0.146317045935852,3800,25971
"120010021",0,0,7737
"120010022",0.284430363705487,56111,197275
"120011108",0.26792828685259,1614,6024
"120030401",0.225615602272993,9648,42763
"120030402",0.042677650479388,1233,28891
"120050002",0.12152941971222,3598,29606
"120050003",0.0630952380952381,1643,26040
"120050004",0.264690284259652,4991,18856
"120050005",0.185389809699202,4228,22806
"120050007",0.187943262411348,53,282
"120050008",0.423227557282511,13724,32427
"120050009",0.5,3948,7896
"120050010",0.49078980570275,1945,3963
"120050011",0.358915683858476,4078,11362
"120050012",0.372776769509982,3081,8265
"120050013",0.332494224960019,11227,33766
"120050014",0.361061460195243,15756,43638
"120050015",0.342845605061246,10188,29716
"120050016",0.5,2660,5320
"120050017",0.333333333333333,2790,8370
"120050018",0.5,1413,2826
"120050019",0.5,3796,7592
"120050020",0.5,1246,2492
"120050022",0.5,4451,8902
"120050023",0.5,3802,7604
"120050024",0.5,3952,7904
"120050025",0.333333333333333,2912,8736
"120050026",0.551300301122365,20139,36530
"120050027",0.419648622013797,24698,58854
"120070001",0.233503441727985,3935,16852
"120070002",0.113914441368224,2551,22394
"120070003",0.0923988662715795,1793,19405
"120090601",0.271448663853727,3474,12798
"120090602",0.633978207694018,5702,8994
"120090603",0.357542316009246,4795,13411
"120090604",0.498129092609916,4260,8552
"120090605",0.5,5023,10046
"120090606",0.490960555149744,5377,10952
"120090607",1,3618,3618
"120090610",0.5,8921,17842
"120090611",0.494558258642766,6180,12496
"120090612",0.397183641975309,12354,31104
"120090621",0.496398991717681,33084,66648
"120090623",0.5,7429,14858
"120090624",0.409133893308116,7355,17977
"120090625",0.497301964170084,4608,9266
"120090626",0.5,3190,6380
"120090628",0.305982215036378,3785,12370
"120090629",0.495649926780946,5754,11609
"120090630",0.490757439134355,4354,8872
"120090631",0.360369015990039,36758,102001
"120090641",0.494651918764953,46107,93211
"120090642",0.5,5476,10952
"120090643",0.5,11757,23514
"120090644",0.5,5137,10274
"120090645",0.5,4541,9082
"120090646",0.470593533279294,10450,22206
"120090647",0.5,4297,8594
"120090648",0.5,3144,6288
"120090649",0.451366164921466,11035,24448
"120090650",0.501984081473496,21885,43597
"120090651",0.816128569378677,28438,34845
"120090652",0.527979262829987,23220,43979
"120090661",0.551218811359609,11510,20881
"120090662",1,2883,2883
"120090663",0.449760386549962,11356,25249
"120090664",0.5,5485,10970
"120090665",1,3738,3738
"120090666",1,4411,4411
"120090667",0.498051948051948,5369,10780
"120090668",0.5,1670,3340
"120090669",0.5,6274,12548
"120090671",1,1308,1308
"120090681",0.491740088105727,5358,10896
"120090684",0.5,2020,4040
"120090685",0.517706949977866,4678,9036
"120090686",0.726465808226028,5811,7999
"120090691",0.5,4536,9072
"120090692",1,2494,2494
"120090693",1,3043,3043
"120090694",0.248136104060914,6257,25216
"120090697",0.41716696414084,2571,6163
"120090698",0.647615165103954,7943,12265
"120090699",0.660747317795043,10716,16218
"120090711",0.0105826126536186,93,8788
"120090712",0.371122615121279,17779,47906
"120090713",0.547958587854833,97598,178112
"120090714",0.68877755511022,3437,4990
"120090715",0.5,2555,5110
"120090716",0.5,4955,9910
"120090717",0.5,5717,11434
"120110101",0.684297769740808,9082,13272
"120110102",0.653388765348545,6758,10343
"120110103",0.513813301355963,22281,43364
"120110104",0.585468470943811,34093,58232
"120110105",0.382833660222284,32792,85656
"120110106",0.63643116785357,64256,100963
"120110107",0.5,15679,31358
"120110108",0.5,7624,15248
"120110109",0.5,5475,10950
"120110110",1,1987,1987
"120110201",0.425585284280936,17306,40664
"120110202",0.480564353584797,40056,83352
"120110203",0.574761023914223,103780,180562
"120110204",0.517961126537088,65289,126050
"120110205",0.289369641508596,13028,45022
"120110301",0.5,3977,7954
"120110302",0.600151789363068,10280,17129
"120110303",0.392760243156919,11436,29117
"120110304",0.5,7510,15020
"120110305",0.371792731118161,6680,17967
"120110306",0.334816753926702,7674,22920
"120110307",0.626534255746485,16845,26886
"120110308",0.464406161699025,15285,32913
"120110309",0.5,12918,25836
"120110310",0.425028455041035,7095,16693
"120110311",0.5,6368,12736
"120110312",0.497788932711844,12495,25101
"120110401",0.421837015114681,3991,9461
"120110402",0.570118456247612,13428,23553
"120110403",0.5,4003,8006
"120110404",0.5,5266,10532
"120110405",0.609089120598072,9288,15249
"120110406",0.5,7181,14362
"120110407",0.5,6822,13644
"120110408",0.291574068194806,9184,31498
"120110409",0.5,8176,16352
"120110410",0.5,2878,5756
"120110411",0.400281314776429,5407,13508
"120110412",0.5,4723,9446
"120110413",0.333394394577761,7280,21836
"120110414",0.5,3378,6756
"120110415",0.5,3981,7962
"120110416",0.398866961339725,6407,16063
"120110417",0.335276023959851,4142,12354
"120110418",0.5,5741,11482
"120110419",0.5,4357,8714
"120110420",0.5,3366,6732
"120110421",0.5,3009,6018
"120110422",0.5,3240,6480
"120110423",0.467070995362112,6546,14015
"120110424",1,1332,1332
"120110425",0.408724393433096,11253,27532
"120110426",0.418241279069767,5755,13760
"120110427",0.333333333333333,5497,16491
"120110428",0.372898435428268,7031,18855
"120110429",0.250327022375215,7272,29050
"120110430",0.22281181183837,8398,37691
"120110431",0.333333333333333,4975,14925
"120110433",0.338564805872127,7011,20708
"120110501",0.354389892851431,4432,12506
"120110502",0.408288191591058,24345,59627
"120110503",0.53180262601748,39004,73343
"120110504",0.570103980396053,8608,15099
"120110505",0.5,8677,17354
"120110506",0.333653230966091,7301,21882
"120110507",0.378967568604874,9874,26055
"120110508",0.5,5657,11314
"120110509",0.5,5417,10834
"120110510",0.447224278312361,6042,13510
"120110601",0.50231836166442,125560,249961
"120110602",0.487359533789513,40811,83739
"120110603",0.691748772052199,23801,34407
"120110604",0.535487239335401,17436,32561
"120110605",0.5,20774,41548
"120110606",0.467466040583599,27875,59630
"120110607",0.333333333333333,3105,9315
"120110608",0.391708815028902,8674,22144
"120110609",0.349741961095673,4405,12595
"120110610",0.444584635678032,15504,34873
"120110611",0.271340107427555,7931,29229
"120110701",0.533859248494914,12858,24085
"120110702",0.548584263544786,40299,73460
"120110703",0.580350545932189,113108,194896
"120110704",0.535655737704918,23526,43920
"120110705",0.567267200709242,17916,31583
"120110706",0.570337867485739,12998,22790
"120110801",0.475791885105071,10800,22699
"120110802",0.5,983,1966
"120110804",0.454715285660235,19229,42288
"120110805",0.5,7415,14830
"120110901",0.577893225784401,8454,14629
"120110902",0.5,3921,7842
"120110903",0.592810378273521,9779,16496
"120110904",0.5,13744,27488
"120110905",0.559310520506071,13174,23554
"120110906",0.371349049327655,11074,29821
"120110907",0.333333333333333,8217,24651
"120110908",0.40250946969697,8501,21120
"120110909",0.333333333333333,4948,14844
"120110910",0.5,4101,8202
"120110911",0.5,7021,14042
"120110912",0.5,10198,20396
"120110913",0.5,4185,8370
"120110914",0.5,6073,12146
"120110915",0.5,5411,10822
"120110916",0.5,7465,14930
"120110917",0.5,8514,17028
"120110918",0.697622316976223,9653,13837
"120110919",0.556970428485214,9229,16570
"120110920",0.5,3598,7196
"120111001",0.688248600140913,18560,26967
"120111002",1,7625,7625
"120111003",1,6287,6287
"120111004",1,5897,5897
"120111005",0.559425992361995,4834,8641
"120111006",0.49793596917714,5428,10901
"120111007",0.5,5958,11916
"120111008",0.5,11597,23194
"120111101",0.5,6597,13194
"120111103",0.547968832518799,261471,477164
"120111104",0.424362170476847,16001,37706
"120111105",0.5,8596,17192
"120111106",0.256031980202732,5380,21013
"120119800",0,0,3
"120150101",0.0428442844284428,476,11110
"120150102",0.227501216150478,2806,12334
"120150103",0.392480181200453,8664,22075
"120150104",0.492489022417379,12786,25962
"120150105",0.327041919084295,10743,32849
"120150201",0.432753653015024,16822,38872
"120150202",0.447265353740174,16102,36001
"120150203",0.449437537004144,15182,33780
"120150204",0.454076894502229,9779,21536
"120150205",0.497060596924932,6595,13268
"120150206",0.650288724546652,6419,9871
"120150207",0.5,4707,9414
"120150208",0.5,4836,9672
"120150209",0.404509539410291,6297,15567
"120150210",0.443091465109814,7969,17985
"120150301",0.49945160405813,7286,14588
"120150302",0.479534147444595,8482,17688
"120150303",0.5,6535,13070
"120150304",0.413902205177373,4317,10430
"120150305",0.411906844018963,17899,43454
"120174501",0.36114435302917,9657,26740
"120174502",0.5,9961,19922
"120174503",0.344321894798202,22446,65189
"120174504",0.0810676862078731,1145,14124
"120174505",0.26024430390713,3004,11543
"120174506",0.365578226084294,9550,26123
"120174507",0.380632813257099,15711,41276
"120174508",0.272409977015408,3200,11747
"120174509",0.276321569775956,3774,13658
"120174510",0.456987553174728,5801,12694
"120174511",0.306443830328552,6986,22797
"120174514",0.173979280926264,2284,13128
"120174515",0.260559168722434,6971,26754
"120174516",0.588099443010461,12987,22083
"120174517",0.208534362603195,1945,9327
"120190301",0.219644069440403,9059,41244
"120190302",0.483724742736376,48981,101258
"120190303",0.5,15575,31150
"120190304",0.5,2491,4982
"120190305",0.5,2921,5842
"120190306",0.5,4945,9890
"120190307",0.517546362339515,34466,66595
"120190308",0.5,11739,23478
"120190309",0.541365501074429,22170,40952
"120190311",0.23571978868589,8567,36344
"120190312",0.284613110802883,12517,43979
"120190313",0.352748398629525,7104,20139
"120190314",0.495969773299748,5907,11910
"120190315",0.0495662949194548,320,6456
"120210001",0.5,3020,6040
"120210002",1,1898,1898
"120210003",0.5,4276,8552
"120210004",0.5,4163,8326
"120210005",0.5,1695,3390
"120210006",0.496959870287799,1226,2467
"120210007",1,1312,1312
"120210101",0.555695636260116,27328,49178
"120210102",0.575292615450096,27033,46990
"120210103",0.5,4121,8242
"120210104",0.452039670027144,93758,207411
"120210105",0.540175384929132,31785,58842
"120210106",0.422021896941568,14185,33612
"120210107",0.488650621649367,8568,17534
"120210108",0.526569118213323,21880,41552
"120210109",0.502434596022118,12176,24234
"120210110",0.5,3441,6882
"120210111",0.360015832328106,19101,53056
"120210112",0.316445372992092,34534,109131
"120210113",0.689915822023707,12048,17463
"120210114",0.495083041958042,4531,9152
"120231102",0.143574626050879,3945,27477
"120231103",0.0877453217708809,2307,26292
"120231104",0.341184953731523,2839,8321
"120231105",0.274332717810979,8171,29785
"120231106",0.0969524991871361,3280,33831
"120231107",0.189700472937467,2888,15224
"120231108",0.0955343702960361,1904,19930
"120270101",0.154037514304194,3096,20099
"120270102",0.382711433485381,5118,13373
"120270103",0.390130401431859,7629,19555
"120270104",0.0645425188374596,1499,23225
"120310001",0.5,5650,11300
"120310002",0.5,2744,5488
"120310003",0.5,2231,4462
"120310006",0.333333333333333,4886,14658
"120310007",0.209993437705072,4480,21334
"120310008",0.5,3021,6042
"120310010",0.5,4886,9772
"120310011",0.5,1977,3954
"120310012",0.5,2066,4132
"120310013",0.5,3937,7874
"120310014",0.5,6039,12078
"120310015",0.5,4006,8012
"120310016",0.5,1710,3420
"120310021",0.329980989758999,5381,16307
"120310022",0.5,4608,9216
"120310023",1,1882,1882
"120310024",0.5,1944,3888
"120310025",0.351594974545794,7528,21411
"120310026",0.333333333333333,4165,12495
"120310027",0.5,7593,15186
"120310028",0.399642927990478,10073,25205
"120310029",0.5,7510,15020
"120310101",0.411517615176152,24296,59040
"120310102",0.577217692117618,14016,24282
"120310103",0.332673195370555,18310,55039
"120310104",0.386892589346577,7946,20538
"120310105",0.301099486087508,14706,48841
"120310106",0.127260351001805,4300,33789
"120310107",0.5,5203,10406
"120310108",0.5,5166,10332
"120310109",0.5,4213,8426
"120310110",0.5,4393,8786
"120310111",0.5,3417,6834
"120310112",0.333333333333333,2976,8928
"120310113",0.5,2909,5818
"120310114",0.5,2363,4726
"120310115",0.5,4103,8206
"120310116",0.5,3961,7922
"120310117",0.297449584816133,3009,10116
"120310118",0.346855983772819,2907,8381
"120310119",0.333025717581597,24539,73685
"120310120",0.333333333333333,5078,15234
"120310121",0.5,1571,3142
"120310122",0.354770224246981,8021,22609
"120310123",0.274703557312253,3614,13156
"120310124",0.5,2780,5560
"120310125",0.333333333333333,4358,13074
"120310126",0.5,9398,18796
"120310127",0.333333333333333,18339,55017
"120310128",0.5,7554,15108
"120310129",0.5,2702,5404
"120310130",0.5,2634,5268
"120310131",0.313592233009709,2261,7210
"120310132",0.5,1755,3510
"120310133",0.45448493925778,8193,18027
"120310134",0.580327558458771,12260,21126
"120310135",0.526309657311798,36138,68663
"120310137",0.459337673365412,40571,88325
"120310138",0.5,4965,9930
"120310139",0.495333333333333,23033,46500
"120310140",0.5,7217,14434
"120310141",0.5,9137,18274
"120310142",0.551435541377369,14693,26645
"120310143",0.444261140536212,92098,207306
"120310144",0.510888244526615,96024,187955
"120310145",0.5,4074,8148
"120310146",0.306276483050847,18504,60416
"120310147",0.543504471013765,10819,19906
"120310148",0.5,6329,12658
"120310149",0.5,13991,27982
"120310150",0.5,9978,19956
"120310151",0.5,4241,8482
"120310152",0.5,3193,6386
"120310153",0.5,3064,6128
"120310154",0.5,2699,5398
"120310155",0.5,8698,17396
"120310156",0.5,3797,7594
"120310157",0.387582449096645,5406,13948
"120310158",0.451227896488189,16408,36363
"120310159",0.542142145120736,36439,67213
"120310160",1,7129,7129
"120310161",0.384364820846906,8142,21183
"120310162",0.333333333333333,2697,8091
"120310163",0.368994413407821,2642,7160
"120310164",0.25,5656,22624
"120310165",0.5,5319,10638
"120310166",0.5,15801,31602
"120310167",0.5,42598,85196
"120310168",0.589128038392589,52909,89809
"120310171",0.363631325167655,6561,18043
"120310172",0.5,2662,5324
"120310173",0.0461853024896765,1152,24943
"120310174",0.5,2825,5650
"120330001",0.5,2306,4612
"120330003",0.478333026000369,2594,5423
"120330004",0.350246652572234,3479,9933
"120330005",0.5,1480,2960
"120330006",0.5,1954,3908
"120330008",0.500750075007501,5007,9999
"120330009",0.5,2616,5232
"120330010",0.597597398287648,9004,15067
"120330011",0.393177596986423,15030,38227
"120330012",0.390536502698122,8757,22423
"120330013",0.5,4165,8330
"120330014",0.407320820252488,12196,29942
"120330015",0.394618834080717,1232,3122
"120330016",0.484734513274336,2191,4520
"120330017",0.333333333333333,3125,9375
"120330018",0.40625,1872,4608
"120330019",0.440888177635527,2204,4999
"120330020",0.415839447561502,1927,4634
"120330021",0.481158577932772,4967,10323
"120330022",0.5,3660,7320
"120330023",0.5,4861,9722
"120330024",0.998734634851771,5525,5532
"120330025",1,2939,2939
"120330026",0.507249336328364,22356,44073
"120330027",0.45582423956785,12573,27583
"120330028",0.484666757530326,14224,29348
"120330029",0.5,4199,8398
"120330030",0.5,7472,14944
"120330031",0.5,5104,10208
"120330032",0.472511367479614,12574,26611
"120330033",0.47392585035133,28800,60769
"120330034",0.5,6376,12752
"120330035",0.395043907133406,29556,74817
"120330036",0.386828715343771,45387,117331
"120330037",0.452933151432469,5644,12461
"120350601",0.530310962202911,20260,38204
"120350602",0.449735952281448,71025,157926
"120350603",0.44827890037594,15263,34048
"120390205",0.199560801537195,2908,14572
"120390207",0.261513463324048,5633,21540
"120430001",0.250765045902754,1475,5882
"120430002",0.0435784621831133,624,14319
"120499701",0.071623713687278,1573,21962
"120499702",0.007705549635216,94,12199
"120499703",0.206378175880121,4297,20821
"120499704",0.242627940896696,3826,15769
"120510001",0.486758114898818,7168,14726
"120510002",0.405669808626107,5681,14004
"120510003",0.116661981446528,2905,24901
"120510004",0.32169659608684,9602,29848
"120530402",0.0397976642118575,1070,26886
"120530403",0.0407459348823106,1075,26383
"120530404",0.481047765793528,3122,6490
"120530405",0.307762183767089,6776,22017
"120530406",0.140995499429032,2099,14887
"120530407",0.465824269567072,8737,18756
"120530408",0.64682690120555,8531,13189
"120530409",0.469774533264673,46526,99039
"120530410",0.737309739821549,19667,26674
"120530411",0.546776359973136,16283,29780
"120530412",0.588277684362239,12245,20815
"120530413",0.456918927171866,8978,19649
"120530414",0.5,12374,24748
"120530415",0.164945151733526,4120,24978
"120530416",0.345175866040578,3896,11287
"120559601",0.366170590848512,6594,18008
"120559602",0.421967287596547,3715,8804
"120559603",0.5,4334,8668
"120559604",0.605310209190059,6771,11186
"120559605",0.456986176168171,8000,17506
"120559606",0.537568441190052,8149,15159
"120559607",0.48612831310379,3925,8074
"120559608",0.5,2617,5234
"120559609",0.398579321231255,2525,6335
"120559610",0,0,9116
"120559611",0.5,3937,7874
"120559612",0.35920540651239,3508,9766
"120559613",0.404314732243391,8977,22203
"120559614",0.342859624739402,3947,11512
"120559615",0.257585013235594,3795,14733
"120559616",0.439187308655719,6312,14372
"120559617",0.378447298828863,4007,10588
"120570001",1,10824,10824
"120570002",0.629663782096751,8877,14098
"120570003",0.599841646872526,7576,12630
"120570004",0.393530997304582,5110,12985
"120570005",0.5,4034,8068
"120570006",0.536022212479906,7336,13686
"120570007",0.643198650042186,6861,10667
"120570008",0.5,3506,7012
"120570009",1,7448,7448
"120570010",0.5,9052,18104
"120570011",0.5,2347,4694
"120570012",0.5,2886,5772
"120570013",0.333406884377758,6044,18128
"120570014",1,4620,4620
"120570015",0.5,2541,5082
"120570016",0.353067814854682,2296,6503
"120570017",0.5,4216,8432
"120570018",0.5,4754,9508
"120570019",0.5,3017,6034
"120570020",1,2781,2781
"120570021",0.5,2537,5074
"120570022",0.5,1699,3398
"120570023",1,2853,2853
"120570024",1,3918,3918
"120570025",0.5,6743,13486
"120570026",1,1706,1706
"120570027",0.5,6915,13830
"120570028",1,2924,2924
"120570029",0.5,1832,3664
"120570030",0.5,2801,5602
"120570031",0.5,2803,5606
"120570032",1,2367,2367
"120570033",1,2496,2496
"120570034",0.5,3156,6312
"120570035",0.5,2684,5368
"120570036",0.5,4497,8994
"120570037",1,1894,1894
"120570038",0.5,1025,2050
"120570041",1,1612,1612
"120570042",0.5,1664,3328
"120570043",1,821,821
"120570044",1,2205,2205
"120570045",0.5,4102,8204
"120570046",1,5745,5745
"120570047",0.5,2584,5168
"120570048",0.5,4121,8242
"120570049",0.636595310907238,4996,7848
"120570050",0.5,7602,15204
"120570051",0.482928721871189,8713,18042
"120570053",0.592855169873861,6439,10861
"120570054",0.5,5609,11218
"120570055",0.5,2690,5380
"120570057",0.5,4157,8314
"120570058",0.5,4964,9928
"120570059",0.5,6443,12886
"120570060",0.5,5876,11752
"120570061",1,7229,7229
"120570062",1,4281,4281
"120570063",1,4297,4297
"120570064",0.5,4146,8292
"120570065",0.539455376664679,5428,10062
"120570066",1,4002,4002
"120570067",0.5,5730,11460
"120570068",0.706193482340897,8278,11722
"120570069",0.5,5573,11146
"120570070",1,7643,7643
"120570071",0.66618601297765,7392,11096
"120570072",0.992950851772078,5071,5107
"120570073",0.882321618743344,1657,1878
"120570101",0.195567412271701,6671,34111
"120570102",0.429366084705623,46776,108942
"120570103",0.318791254125413,9273,29088
"120570104",0.5,12413,24826
"120570105",0.5,8676,17352
"120570106",0.5,3386,6772
"120570107",0.5,9074,18148
"120570108",0.490656534197085,55139,112378
"120570109",1,5853,5853
"120570110",0.433670458312111,53642,123693
"120570111",0.474255482973597,19094,40261
"120570112",0.563130485451036,15463,27459
"120570113",0.443561447779745,11777,26551
"120570114",0.489964981968327,56247,114798
"120570115",0.482059488927138,83740,173713
"120570116",0.509403987085533,59640,117078
"120570117",0.544201378483668,25424,46718
"120570118",0.586231818592465,19467,33207
"120570119",0.491000071145683,20704,42167
"120570120",0.386524015479171,6792,17572
"120570121",0.478554459956393,29411,61458
"120570122",0.470142138057964,42404,90194
"120570123",0.5,15147,30294
"120570124",0.287717418000759,12886,44787
"120570125",0.452595486803285,11352,25082
"120570126",0.5,5697,11394
"120570127",0.496946005375031,10170,20465
"120570128",0.5,4178,8356
"120570129",1,3215,3215
"120570130",0.317914286959934,14584,45874
"120570132",0.496956550981975,29555,59472
"120570133",0.543073570446376,67535,124357
"120570134",0.559476438264317,38384,68607
"120570135",0.398296292251406,14588,36626
"120570136",0.288318080442975,3749,13003
"120570137",0.38996720964671,29494,75632
"120570138",0.477252528672394,33831,70887
"120570139",0.380291484580305,103904,273222
"120570140",0.424455659013908,35830,84414
"120570141",0.40835210225471,50222,122987
"120570142",0.5,3838,7676
"120570144",0.348935864250791,4853,13908
"120579805",0,0,5
"120579806",1,25,25
"120579807",1,6,6
"120579900",NA,0,0
"120610501",0.5,6684,13368
"120610502",0.615406241214507,4378,7114
"120610503",0.646157678415743,10376,16058
"120610504",0.5,6146,12292
"120610505",0.525704537252715,16024,30481
"120610506",0.648582579234035,30246,46634
"120610507",0.432259327130073,24296,56207
"120610508",0.432232995864823,36375,84156
"120610509",0.255324704390317,13690,53618
"120619800",NA,0,0
"120632105",0.267499300960015,2870,10729
"120632106",0.182155603140614,2552,14010
"120632107",0.0139337641357027,138,9904
"120690301",0.0801560226759645,6391,79732
"120690302",0.363857534246575,33202,91250
"120690303",0.229031530635255,17266,75387
"120690304",0.3147447267633,27859,88513
"120690305",0.311194568294082,16821,54053
"120690306",0.373256132032461,8187,21934
"120690307",0.274135163209418,8709,31769
"120690308",0.329087048832272,19995,60759
"120690309",0.256144165868257,23794,92893
"120690310",0.093143596377749,2880,30920
"120690311",0.310172872340426,15861,51136
"120690312",0.183881680785793,26134,142124
"120690313",0.299772964451451,108007,360296
"120710003",0.533681944017225,10410,19506
"120710004",0.383873090138168,5251,13679
"120710005",0.466731423020884,10571,22649
"120710006",0.5,3999,7998
"120710007",0.5,2488,4976
"120710008",1,1838,1838
"120710009",0.444461397619774,2913,6554
"120710010",0.441737215224723,6418,14529
"120710011",0.41161057149311,9111,22135
"120710012",0.535611286712964,23215,43343
"120710013",0.339186388919184,3110,9169
"120710014",0.5,8613,17226
"120710015",0.5,8937,17874
"120710016",0.703456160408056,7999,11371
"120710017",0.515085855408774,22108,42921
"120710018",0.735347799634962,7252,9862
"120710019",0.62042999761491,36418,58698
"120710101",0.496038501833421,30302,61088
"120710102",0.429677692011286,34568,80451
"120710103",0.473639416662833,41182,86948
"120710104",0.48311732374296,71197,147370
"120710105",0.602616088947024,9214,15290
"120710106",0.619868491203128,6976,11254
"120710107",0.5,6808,13616
"120710108",0.569028261711189,7349,12915
"120710201",0.793324109304739,9174,11564
"120710202",0.181891240289312,1358,7466
"120710203",0.648024239363717,5133,7921
"120710204",0.319119375868334,2986,9357
"120710205",0.5,7146,14292
"120710206",0.409424657534247,3736,9125
"120710207",0.385804882286509,4441,11511
"120710208",0.508826843620884,4064,7987
"120710301",0.0836318545053734,607,7258
"120710302",0.383779927065166,9682,25228
"120710401",0.548929435496948,84629,154171
"120710402",0.467209151089693,28019,59971
"120710403",0.516058238419882,50792,98423
"120710501",0.585300166487122,11953,20422
"120710502",0.567313404966814,33421,58911
"120710503",0.464147494661059,49771,107231
"120710504",0.5,10494,20988
"120710505",0.5,6810,13620
"120710506",1,8779,8779
"120710601",0.588846691984809,2946,5003
"120710602",0.627112613413983,3525,5621
"120710603",0.490591397849462,1095,2232
"120710701",0.0403019274834883,598,14838
"120710702",0.263157894736842,2055,7809
"120710801",0.356502242152466,318,892
"120710802",0.465214666248825,5938,12764
"120710803",0.5,2247,4494
"120710901",1,973,973
"120719800",NA,0,0
"120730002",0.250123213405619,4060,16232
"120730003",0.5,8128,16256
"120730004",0.5,2688,5376
"120730005",0.433881975110397,5404,12455
"120730006",0.333402770544735,3201,9601
"120730007",0.333333333333333,1985,5955
"120730008",0.5,2886,5772
"120730009",0.437552028787024,16294,37239
"120730010",0.5,4784,9568
"120730011",0.5,5184,10368
"120730012",0.334292289988493,2324,6952
"120730013",0.5,6655,13310
"120730014",0.5,8512,17024
"120730015",0.5,4620,9240
"120730016",0.48976279650437,7846,16020
"120730017",0.399618263097092,7956,19909
"120730018",0.371580163141558,10295,27706
"120730019",0.5,6055,12110
"120730020",0.516338252672658,18788,36387
"120730021",0.565394632544446,14979,26493
"120730022",0.379533569855228,22572,59473
"120730023",0.261872165654146,6121,23374
"120730024",0.448060733613951,47688,106432
"120730025",0.277642041668518,25000,90044
"120730026",0.125474197914482,6582,52457
"120730027",0.0981483824707917,2327,23709
"120810001",0.333333333333333,16217,48651
"120810002",0.47575329566855,8084,16992
"120810003",0.503925193986421,33251,65984
"120810004",0.522897414902328,17881,34196
"120810005",0.434278518389856,10001,23029
"120810006",0.467149942769935,12244,26210
"120810007",0.357994106449005,13728,38347
"120810008",0.421047207727115,44943,106741
"120810009",0.335323883458528,10669,31817
"120810010",0.403361344537815,5136,12733
"120810011",0.463029414737693,18323,39572
"120810012",0.398837956367496,14278,35799
"120810013",0.5,3459,6918
"120810014",0.479412749270719,10025,20911
"120810015",0.294253428885847,10963,37257
"120810016",0.348471303414983,9745,27965
"120810017",0.745054945054945,4068,5460
"120810018",0.5,3529,7058
"120810019",0.400633896344097,49171,122733
"120810020",0.435867280936335,85243,195571
"120830003",0.0488700295604081,1025,20974
"120830006",0.103905020740953,3632,34955
"120830007",0.273435263127756,9550,34926
"120830008",0.455353640998823,27864,61192
"120830009",0.149429434847323,6626,44342
"120830010",0.41549940310386,41766,100520
"120830011",0.382335562855995,16177,42311
"120830012",0.476650362939655,30600,64198
"120830013",0.354999181803306,10847,30555
"120830014",0.345817231188907,12170,35192
"120830015",0.336381033382947,3164,9406
"120830016",0.5,4098,8196
"120830017",0.5,5156,10312
"120830018",1,1634,1634
"120830019",0.317489560304593,2585,8142
"120830020",0.5,6948,13896
"120830021",0.5,5100,10200
"120830022",0.459326367625241,14551,31679
"120830023",0.304704405782048,14081,46212
"120830024",0.1561741827368,6244,39981
"120830025",0.272019543973941,25053,92100
"120830026",0.128482932673924,10080,78454
"120830027",0.170274909687172,6646,39031
"120850001",1,2779,2779
"120850002",1,3626,3626
"120850003",0.333333333333333,6033,18099
"120850004",0.438718662952646,7875,17950
"120850005",0.421509944004634,6549,15537
"120850006",0.49484752891693,25883,52305
"120850007",0.429217548620534,3796,8844
"120850008",0.5,2280,4560
"120850009",0.5,7096,14192
"120850010",0.370759478812067,6317,17038
"120850011",0.534906334906335,18703,34965
"120850012",0.251128864188954,2169,8637
"120850013",0.627288061473106,10041,16007
"120850014",0.416861415192142,23724,56911
"120850015",0.434620921305182,3623,8336
"120850016",0.744303048239124,5030,6758
"120850017",0.311762180725478,5810,18636
"120850018",0.249432694926023,5496,22034
"120860001",0.596292266789633,82760,138791
"120860002",0.504617302135856,71256,141208
"120860003",0.373471839445976,31710,84906
"120860004",0.41942302281794,58140,138619
"120860005",0.513665578348631,25015,48699
"120860006",0.499475841036882,36687,73451
"120860007",0.530441281052999,44007,82963
"120860008",0.544288362111014,22318,41004
"120860009",0.522791686348607,17708,33872
"120860010",0.360522516328635,26219,72725
"120860011",0.5,19197,38394
"120860012",0.477837560850628,22380,46836
"120860013",0.5,10086,20172
"120860014",0.666760941808669,9430,14143
"120860015",0.459533951390629,7336,15964
"120860016",0.741097452794323,17544,23673
"120860017",0.380877965620116,13405,35195
"120860018",0.464153099114539,11375,24507
"120860019",0.573934389645169,12859,22405
"120860020",0.724630021141649,9597,13244
"120860021",0.5,2910,5820
"120860022",0.5,7850,15700
"120860023",0.5,5287,10574
"120860024",0.259357601713062,15140,58375
"120860025",0.5,8847,17694
"120860026",0.5,6169,12338
"120860027",0.673577198316902,21931,32559
"120860028",0.5,1269,2538
"120860029",0.5,5450,10900
"120860030",0.54962962962963,14469,26325
"120860031",0.5,4654,9308
"120860034",0.335465372739303,3042,9068
"120860036",0.65135264927165,12207,18741
"120860037",0.367956356327615,20504,55724
"120860038",0.711166682696932,14788,20794
"120860039",0.646275319538759,44445,68771
"120860040",0.5,5007,10014
"120860041",0.550958788007204,10401,18878
"120860042",0.619898976472152,9327,15046
"120860043",0.605957446808511,7120,11750
"120860044",0.5,10324,20648
"120860045",0.472561842479386,4986,10551
"120860046",0.99516161548283,14809,14881
"120860047",0.539292600226049,16223,30082
"120860049",0.574375224201841,9607,16726
"120860050",0.444925765485579,12017,27009
"120860051",0.569026733500418,10898,19152
"120860052",0.659859798841817,10825,16405
"120860053",0.662058171383853,15228,23001
"120860054",0.665713161940859,18618,27967
"120860055",0.670166092134127,12831,19146
"120860056",0.40970543468529,4576,11169
"120860057",0.482973171873955,21657,44841
"120860058",0.549574869258956,15448,28109
"120860059",0.470155517156258,19046,40510
"120860060",0.398207381370826,11329,28450
"120860061",0.556246888999502,11175,20090
"120860062",0.421108742004264,13035,30954
"120860063",0.698791714614499,12145,17380
"120860064",0.592725587860535,10234,17266
"120860065",0.713577707125491,7631,10694
"120860066",0.771448073086212,14693,19046
"120860067",0.826393465540311,41380,50073
"120860068",0.5,7584,15168
"120860069",0.663078703703704,5729,8640
"120860070",0.650659029995961,17722,27237
"120860071",0.602588383838384,7636,12672
"120860072",0.5,2537,5074
"120860073",0.333516526654628,4248,12737
"120860074",0.430033732697453,7394,17194
"120860075",0.568820224719101,3645,6408
"120860076",0.436582397738871,22243,50948
"120860077",0.563218124536694,24313,43168
"120860078",0.552489031593912,22541,40799
"120860079",0.5,7127,14254
"120860080",0.457105378224749,5227,11435
"120860081",0.409717535910537,8500,20746
"120860082",0.376328865264618,26054,69232
"120860083",0.527670962743855,37462,70995
"120860084",0.573932856801602,62468,108842
"120860085",0.5,10846,21692
"120860086",0.422463159502176,11066,26194
"120860087",0.673835762531106,11373,16878
"120860088",0.5,22938,45876
"120860089",0.532172448240064,27169,51053
"120860090",0.590186059596858,155239,263034
"120860091",0.387870651412561,6645,17132
"120860092",0.5,3406,6812
"120860093",0.735650091417094,57135,77666
"120860094",0.62477120195241,6144,9834
"120860095",0.615852642107018,14778,23996
"120860096",0.5,7020,14040
"120860097",0.56754723793477,18863,33236
"120860098",0.709215183693397,29053,40965
"120860099",0.653170605708382,30345,46458
"120860100",0.628396162113983,59927,95365
"120860101",0.701850031280722,7853,11189
"120860102",0.422143926517104,37502,88837
"120860103",0.0749973138497905,1396,18614
"120860104",0.285897137537817,4914,17188
"120860105",0.635307781649245,15863,24969
"120860106",0.503509236575515,60836,120824
"120860107",0.521122926414292,30629,58775
"120860108",0.549040770621408,20348,37061
"120860109",0.5,6783,13566
"120860110",0.447060819727763,47426,106084
"120860111",0.420776883996613,15902,37792
"120860112",0.461739024981809,15230,32984
"120860113",0.341920295947537,10167,29735
"120860114",0.42319208565885,35334,83494
"120860115",0.0525674499564839,1208,22980
"120860116",1,7811,7811
"120860117",1,6847,6847
"120860118",0.5,3523,7046
"120860119",1,5694,5694
"120860120",0.605989073986646,8985,14827
"120860121",0.543347608593947,15098,27787
"120860122",0.5,5030,10060
"120860123",1,6694,6694
"120860124",0.607112394199856,9253,15241
"120860125",0.754335976214073,6089,8072
"120860126",1,6559,6559
"120860127",0.499054879969756,15841,31742
"120860128",0.691159982751186,8014,11595
"120860129",0.5,4347,8694
"120860130",0.5,4359,8718
"120860131",0.5,4982,9964
"120860132",0.634814292430653,5401,8508
"120860133",1,5936,5936
"120860134",1,4970,4970
"120860135",1,4998,4998
"120860136",1,5614,5614
"120860137",1,6678,6678
"120860138",1,6274,6274
"120860139",0.5,4390,8780
"120860141",0.275309541150765,756,2746
"120860142",0.5,4626,9252
"120860143",0.5,3493,6986
"120860144",0.5,4595,9190
"120860145",0.5,4474,8948
"120860146",1,6766,6766
"120860147",0.602945090038144,6797,11273
"120860148",1,6253,6253
"120860149",0.352933288635602,5264,14915
"120860150",0.5,9544,19088
"120860151",0.5,9932,19864
"120860152",0.5,6983,13966
"120860153",0.5,6296,12592
"120860154",0.269910885083749,5785,21433
"120860155",0.443540256373326,6159,13886
"120860156",1,4517,4517
"120860157",0.5,2621,5242
"120860158",1,4891,4891
"120860159",1,3498,3498
"120860160",1,4583,4583
"120860161",1,4532,4532
"120860162",0.5,3373,6746
"120860163",0.562984149684185,4724,8391
"120860164",1,7135,7135
"120860165",0.998338870431894,8414,8428
"120860166",1,3715,3715
"120860167",1,4667,4667
"120860168",0.5,3942,7884
"120860169",1,4610,4610
"120860170",0.5,5067,10134
"120860171",0.608135896289674,6802,11185
"120860172",1,3617,3617
"120860173",0.5,4470,8940
"120860174",0.562209395542729,7013,12474
"120860175",1,3745,3745
"120860176",0.5,6617,13234
"120860177",1,4689,4689
"120860178",1,6063,6063
"120860179",0.66678945041992,9051,13574
"120860180",0.468475295544104,12364,26392
"120860181",0.5,4829,9658
"120860182",0.32093023255814,2484,7740
"120860183",0.5,5703,11406
"120860184",1,3697,3697
"120860185",1,4901,4901
"120860186",1,7825,7825
"120860187",0.5,4405,8810
"120860188",1,8743,8743
"120860189",0.5,6626,13252
"120860190",1,5768,5768
"120860191",1,5799,5799
"120860192",0.5,5083,10166
"120860193",0.626736250501806,7806,12455
"120860194",0.5,8734,17468
"120860195",0.5,8081,16162
"120860196",0.212136313106145,5534,26087
"120860197",0.315078111286642,3590,11394
"120860198",0.387068658135573,9770,25241
"120860199",0.5,11019,22038
"120860200",0.604556962025317,7164,11850
"120860201",1,4341,4341
"120860202",0.5,5489,10978
"120860203",1,3385,3385
"120864901",1,1459,1459
"120869802",NA,0,0
"120869803",0.5,4511,9022
"120869804",0.666666666666667,2,3
"120869805",0.333333333333333,466,1398
"120869806",NA,0,0
"120869807",1,999,999
"120869808",1,1,1
"120869810",0.666666666666667,2,3
"120869811",0.032620320855615,61,1870
"120879704",0.385380014074595,4381,11368
"120879705",0.5,3108,6216
"120879706",0.346099789177793,1970,5692
"120879707",0.354156597390044,2931,8276
"120879708",0.402293894446361,4665,11596
"120879709",0.483747609942639,2024,4184
"120879710",0.194690265486726,1474,7571
"120879711",0.366267262388302,3607,9848
"120879712",0.337401474701246,2654,7866
"120879713",1,1998,1998
"120879714",0.313508064516129,3732,11904
"120879715",0.923876790268786,4709,5097
"120879718",0.333621783777547,5783,17334
"120879719",0.5,7028,14056
"120879720",0.5,4311,8622
"120879721",0.433115156473717,4235,9778
"120879722",0.5,3174,6348
"120879724",0.5,3156,6312
"120879725",0.940540540540541,1044,1110
"120879727",0.195224193427652,2608,13359
"120879728",0.5,3415,6830
"120890501",0.488461145716328,9567,19586
"120890502",0.513013210980144,12970,25282
"120890503",0.329625224468854,28268,85758
"120910203",0.183941081372373,8192,44536
"120910204",0.238641245084757,7222,30263
"120910205",0.318376488153707,8103,25451
"120910206",0.264373692772484,11376,43030
"120910207",0.35557079804366,11923,33532
"120910208",0.274796195652174,4045,14720
"120910209",0.326837134300852,7094,21705
"120910210",0.496839443742099,11790,23730
"120910211",0.348078992525376,11968,34383
"120910212",0.496183825917506,6111,12316
"120910214",1,2979,2979
"120910215",0.391576354679803,7949,20300
"120910216",1,2479,2479
"120910217",0.2681276509796,2655,9902
"120910218",0.364348430294991,11536,31662
"120910219",0.460680989055533,9092,19736
"120910220",0.382058353897518,7896,20667
"120910221",0.445630336514314,3549,7964
"120910223",0.5,2548,5096
"120910224",0.5,4000,8000
"120910225",0.5,4225,8450
"120910226",0.5,3651,7302
"120910227",0.490710238503097,3724,7589
"120910228",1,2252,2252
"120910229",0.5,4075,8150
"120910231",0.5,8354,16708
"120910232",0.980778958017198,1939,1977
"120910233",0.521476909137243,18417,35317
"120939101",0.00234553775743707,41,17480
"120939102",0.408768193113241,6909,16902
"120939103",0.311598384304674,1620,5199
"120939104",0.431271064034665,7166,16616
"120939105",0.32713529856387,4328,13230
"120939106",0.390012161751292,5131,13156
"120950102",0.595749136216103,5690,9551
"120950103",0.375921109666233,3469,9228
"120950104",1,1545,1545
"120950105",1,1371,1371
"120950108",0.5,3292,6584
"120950110",1,3132,3132
"120950111",1,3122,3122
"120950112",0.5,3293,6586
"120950113",0.422491456974216,5440,12876
"120950116",0.387467824967825,4817,12432
"120950117",0.422309582309582,8594,20350
"120950120",0.5,7003,14006
"120950121",1,6591,6591
"120950122",1,10137,10137
"120950123",0.694007372774681,30875,44488
"120950124",0.442877511919084,19879,44886
"120950125",0.5,2463,4926
"120950126",0.381912070573047,5325,13943
"120950127",0.5,5278,10556
"120950128",0.408039991668402,3918,9602
"120950129",1,3875,3875
"120950132",0.5,10891,21782
"120950133",0.5,6872,13744
"120950134",0.53576302480533,13348,24914
"120950135",0.425486937608446,34821,81838
"120950136",0.429936802008484,24831,57755
"120950137",0.333333333333333,9602,28806
"120950138",0.5,7725,15450
"120950139",0.252135986138496,4220,16737
"120950140",0.253815647157794,6336,24963
"120950141",0.250199052132701,6599,26375
"120950142",0.683340748744677,10751,15733
"120950143",0.412756655476618,10574,25618
"120950144",0.348034711587545,3409,9795
"120950145",0.493023137164868,19327,39201
"120950146",0.48997336474927,38263,78092
"120950147",0.820002349072117,27926,34056
"120950148",0.40489606895721,60502,149426
"120950149",0.421860596369109,22424,53155
"120950150",0.358245963113186,23406,65335
"120950151",0.494785183913473,23056,46598
"120950152",0.409030731528689,14521,35501
"120950153",0.5,4068,8136
"120950155",0.5,6127,12254
"120950156",0.531014945784898,5436,10237
"120950157",0.477464621239149,4015,8409
"120950158",0.416819897416046,4307,10333
"120950159",0.338208664159354,2428,7179
"120950160",0.538443616029823,4622,8584
"120950161",0.368081968485601,4742,12883
"120950162",0.33668653158522,7062,20975
"120950163",0.30091533180778,9468,31464
"120950164",0.589618479107189,34077,57795
"120950165",0.636441377683416,64749,101736
"120950166",0.146739760512761,8860,60379
"120950167",0.451888423499682,200995,444789
"120950168",0.383983350762146,74540,194123
"120950169",0.580503344095941,40273,69376
"120950170",0.502931618494128,87750,174477
"120950171",0.38232343139714,128034,334884
"120950172",0.327540380290329,4806,14673
"120950173",0.297522333689901,10291,34589
"120950174",0.348141309365411,12821,36827
"120950175",0.354491261346701,31398,88572
"120950176",0.333604501389736,4921,14751
"120950177",0.363397890271809,13022,35834
"120950178",0.349092742694152,46385,132873
"120950179",0.235052189698207,8287,35256
"120950180",0.260909868796349,3659,14024
"120950181",0.333333333333333,3244,9732
"120950182",0.475129970493185,13526,28468
"120950183",0.340432432432432,3149,9250
"120950184",0.422762784090909,2381,5632
"120950185",0.210189992582872,3684,17527
"120950187",0.333333333333333,5749,17247
"120950188",0.5,4676,9352
"120950189",0.406161824143979,10652,26226
"120950190",0.356608233208588,3621,10154
"120970408",0.494351382937281,38070,77010
"120970409",0.498252295492487,19101,38336
"120970410",0.378006022957068,25983,68737
"120970411",0.396382460916553,19219,48486
"120970413",0.475764402961056,14782,31070
"120970415",0.342917103882476,17974,52415
"120970416",0.5,4351,8702
"120970417",0.5,6092,12184
"120970418",1,3373,3373
"120970419",1,6859,6859
"120970420",0.5,12505,25010
"120970421",0.5,12839,25678
"120970422",0.5,11847,23694
"120970423",0.5,7922,15844
"120970424",0.5,7139,14278
"120970425",0.5,7320,14640
"120970426",1,16493,16493
"120970427",1,14662,14662
"120970428",0.332447868242795,15018,45174
"120970429",0.43450491907331,21906,50416
"120970431",0.267680508954639,6143,22949
"120970432",0.475926526017772,27905,58633
"120970433",0.42107814373549,16505,39197
"120970434",0.499019992159937,5092,10204
"120970435",0.5,5233,10466
"120970436",0.420510227891421,10813,25714
"120970437",0.354704034391534,8581,24192
"120970438",0.0199631013766025,422,21139
"120990001",0.497698531905616,10272,20639
"120990002",0.483337284047018,69327,143434
"120990003",0.464638281273442,15485,33327
"120990004",0.460604874229226,14118,30651
"120990005",0.616586023151834,10067,16327
"120990006",0.5,1693,3386
"120990007",0.5,6967,13934
"120990008",0.5,8769,17538
"120990009",0.544873714685035,16374,30051
"120990010",0.332928193849597,17257,51834
"120990011",0.465297167929797,9332,20056
"120990012",0.5,4839,9678
"120990013",0.5,11986,23972
"120990014",0.5,9795,19590
"120990015",0.5,3077,6154
"120990016",0.5,4230,8460
"120990017",0.357563850687623,5278,14761
"120990018",0.5,10569,21138
"120990019",0.439954227276007,42676,97001
"120990020",0.658196055255965,8910,13537
"120990021",0.5,4110,8220
"120990022",1,2726,2726
"120990023",0.333333333333333,4157,12471
"120990024",1,2158,2158
"120990026",0.5,3224,6448
"120990027",0.406710364072944,6267,15409
"120990028",0.25,3234,12936
"120990029",0.5,6079,12158
"120990030",0.5,5953,11906
"120990031",0.386594314954874,13750,35567
"120990032",0.301124717506701,11459,38054
"120990033",1,4161,4161
"120990034",0.333333333333333,3985,11955
"120990035",0.6545335300869,7984,12198
"120990036",0.333333333333333,5388,16164
"120990037",0.333333333333333,5837,17511
"120990038",0.287728615775891,7693,26737
"120990039",0.24018439747901,10785,44903
"120990040",0.407165951131605,38410,94335
"120990041",0.278584639641005,9188,32981
"120990042",0.56018607635547,17461,31170
"120990043",0.34026677569377,6658,19567
"120990044",0.5,9495,18990
"120990045",0.5,7652,15304
"120990046",0.467751363990647,9602,20528
"120990047",0.411651796822237,23162,56266
"120990048",0.532684375515591,48429,90915
"120990049",0.391736607897257,13909,35506
"120990050",0.333333333333333,5234,15702
"120990051",0.5,10161,20322
"120990052",0.360827965730724,11540,31982
"120990053",0.5,4869,9738
"120990054",0.467088296696549,7607,16286
"120990055",0.333333333333333,10348,31044
"120990056",0.411618481491489,7617,18505
"120990057",0.376688344172086,11295,29985
"120990058",0.50146211962434,50245,100197
"120990059",0.521430397694257,134601,258138
"120990060",0.494889583223005,28035,56649
"120990061",0.333333333333333,4806,14418
"120990062",0.5,10553,21106
"120990063",0.437423980539018,6833,15621
"120990064",0.5,5642,11284
"120990065",0.436830165062974,5584,12783
"120990066",0.356464427231636,17902,50221
"120990067",1,2709,2709
"120990068",0.594674930432583,9403,15812
"120990069",0.5,26982,53964
"120990070",0.480415206494255,32490,67629
"120990071",0.5,4308,8616
"120990072",0.620417951353203,16299,26271
"120990073",0.5,9635,19270
"120990074",0.617898193760263,15052,24360
"120990075",0.74037519249615,10577,14286
"120990076",0.522474171474574,58410,111795
"120990077",0.447640142557373,215032,480368
"120990078",0.403096859532964,110925,275182
"120990079",0.453893487336892,31202,68743
"120990080",0.409497549019608,6683,16320
"120990081",0.288251961639058,5290,18352
"120990082",0.562470532767562,10737,19089
"120990083",0.437770393128096,6982,15949
"120999800",NA,0,0
"120999802",0,0,14
"120999805",NA,0,0
"121010301",0.447163683057633,5920,13239
"121010302",0.851040416166467,8507,9996
"121010303",0.483989814162648,8933,18457
"121010304",0.536802958868477,26415,49208
"121010305",0.5,7115,14230
"121010306",0.5,5184,10368
"121010307",1,4249,4249
"121010308",0.423026998961578,3259,7704
"121010309",0.464862032832693,13309,28630
"121010310",0.487783575317604,43003,88160
"121010311",0.525588780100556,9931,18895
"121010312",0.470666336611382,20915,44437
"121010313",0.5,10025,20050
"121010314",0.527214234127766,24090,45693
"121010315",0.478724315802101,27935,58353
"121010316",0.432448509182839,40712,94143
"121010317",0.435454863042944,33655,77287
"121010318",0.412389800185373,19132,46393
"121010319",0.227627471383975,16625,73036
"121010320",0.415721163750677,54484,131059
"121010321",0.493141472883027,64532,130859
"121010322",0.168336849507736,3830,22752
"121010324",0.0618585927311901,1091,17637
"121010325",0.258376025751462,5699,22057
"121010326",0.386670496983625,6730,17405
"121010327",0.228946041351488,2270,9915
"121010328",0.408227402786247,8703,21319
"121010329",0.39970471586139,13807,34543
"121010330",0.40445904983144,28554,70598
"121010331",0.301101734646038,2569,8532
"121030201",0.469497217905659,18732,39898
"121030202",0.554871248986213,21893,39456
"121030203",0.673874872932261,7292,10821
"121030204",0.5,2270,4540
"121030205",0.5,4149,8298
"121030206",0.5,3915,7830
"121030207",0.5,3661,7322
"121030208",0.5,5219,10438
"121030212",0.5,3843,7686
"121030215",0.392719447682238,4380,11153
"121030216",0.5,2591,5182
"121030218",0.5,2523,5046
"121030219",0.333333333333333,3304,9912
"121030220",0.5,3262,6524
"121030221",0.579035139964264,4861,8395
"121030222",0.364755194863105,4090,11213
"121030223",0.379533527696793,6509,17150
"121030224",0.5,8627,17254
"121030225",0.5,14029,28058
"121030226",0.5,7805,15610
"121030227",0.307870716743977,4115,13366
"121030228",0.625499632922751,7668,12259
"121030229",0.651555762731616,5591,8581
"121030230",1,2688,2688
"121030231",1,2755,2755
"121030232",1,2821,2821
"121030233",1,2314,2314
"121030234",0.5,1879,3758
"121030235",0.354852144939608,3408,9604
"121030236",0.631408618633964,3707,5871
"121030237",1,2453,2453
"121030238",1,2337,2337
"121030239",1,2064,2064
"121030240",0.5,16702,33404
"121030241",1,4626,4626
"121030242",1,5138,5138
"121030243",0.5,8212,16424
"121030244",0.480709909148532,34128,70995
"121030245",0.426377956485086,45014,105573
"121030246",0.554750673854447,9879,17808
"121030247",0.398983310090422,8869,22229
"121030248",0.361188541604887,12180,33722
"121030249",0.54534566374114,27775,50931
"121030250",0.374224330511046,54276,145036
"121030251",0.436297692015521,58583,134273
"121030252",0.405339572449601,25294,62402
"121030253",0.413511082031569,20224,48908
"121030254",0.4085110260616,44830,109740
"121030255",0.359917364264348,16725,46469
"121030256",0.682179341657208,7212,10572
"121030257",1,4240,4240
"121030258",0.393118396098618,4353,11073
"121030259",0.547367501964551,6269,11453
"121030260",1,5700,5700
"121030261",1,3798,3798
"121030262",1,2256,2256
"121030263",0.26492438812837,7025,26517
"121030264",0.656763017423708,6521,9929
"121030265",0.346073176415754,7425,21455
"121030266",0.406512550227,7790,19163
"121030267",0.401334867663982,17438,43450
"121030268",0.394538585599717,53574,135789
"121030269",0.382517993115677,36672,95870
"121030270",1,4937,4937
"121030271",0.445125390081588,11839,26597
"121030272",0.489296255668518,43267,88427
"121030273",0.478988355312598,72025,150369
"121030274",0.359507339294753,10654,29635
"121030275",0.471262656343061,12660,26864
"121030276",0.715503603445245,8141,11378
"121030277",0.410355944470031,6237,15199
"121030278",1,3883,3883
"121030279",0.5,6584,13168
"121030280",0.562721702676556,8725,15505
"121030281",0.335612088609959,8984,26769
"121030282",1,2206,2206
"121030283",1,3344,3344
"121030284",0.5,2703,5406
"121030285",0.5,1952,3904
"121030286",0.393044106143571,6532,16619
"121030287",0.333511262944379,3124,9367
"121050103",0.472014189988175,4790,10148
"121050104",0.5,8562,17124
"121050105",0.5,6125,12250
"121050106",0.5,10826,21652
"121050107",0.5,8050,16100
"121050108",0.5,3550,7100
"121050109",0.38251454427925,4734,12376
"121050110",0.37662037037037,3254,8640
"121050111",0.390828436455813,3392,8679
"121050112",0.575315682281059,7062,12275
"121050113",1,1852,1852
"121050114",0.5,5081,10162
"121050115",0.363472169011001,13282,36542
"121050116",0.313904531340456,11929,38002
"121050117",0.38537502473778,19473,50530
"121050118",0.389779172861942,35390,90795
"121050119",0.455292835057995,25475,55953
"121050120",0.388417521704815,15748,40544
"121050121",0.371839215554585,44292,119116
"121050122",0.389217573122342,16381,42087
"121050123",0.28865374808771,11321,39220
"121050124",0.409748653660181,46184,112713
"121050125",0.33914749928739,61870,182428
"121050126",0.334615713430794,11742,35091
"121050127",0.609014675052411,8134,13356
"121050128",0.346886345782288,16338,47099
"121050129",0.327947273307112,6170,18814
"121050130",0.279538181590011,8910,31874
"121050131",0.331621395419615,8717,26286
"121050132",0.361478077733104,1888,5223
"121050133",0.433030422757803,2192,5062
"121050134",0.333333333333333,5352,16056
"121050135",0.346463484761357,3615,10434
"121050136",0.41629972385999,5578,13399
"121050137",0.382452146049414,9071,23718
"121050138",0.338940640921287,11243,33171
"121050139",0.399631251440424,8670,21695
"121050140",0.377393356487666,16951,44916
"121050141",0.333393454778653,33272,99798
"121050142",0.125667992484322,5150,40981
"121050143",0.368421052631579,7693,20881
"121050144",0.17794223590281,8151,45807
"121050145",0.148029940891071,10343,69871
"121050146",0.342228811465283,4155,12141
"121050147",0.365528269560251,16001,43775
"121050148",0.268041015035974,12443,46422
"121050149",0.537945555722665,17884,33245
"121050150",0.416646697020529,5216,12519
"121050151",0.383134572310673,6329,16519
"121050152",0.330597275585051,3786,11452
"121050153",0.0478480571528141,1373,28695
"121050154",0.0215406956642003,623,28922
"121050155",0.259315424610052,4788,18464
"121050157",0.184630001055632,3498,18946
"121050158",0.262035135751768,4594,17532
"121050159",0.0798977309044423,500,6258
"121050160",0.321719792438844,4774,14839
"121050164",0.5,2360,4720
"121079502",0.00232018561484919,46,19826
"121079505",0.0332603067118104,501,15063
"121079506",0.450370609087979,5590,12412
"121079507",0.407647304638529,3902,9572
"121079508",0.478237791932059,2703,5652
"121079509",0.381067634798978,5668,14874
"121079510",0.1103480937722,932,8446
"121079511",0.07617575623758,690,9058
"121090202",0.5,2396,4792
"121090203",0.5,3762,7524
"121090204",0.5,2525,5050
"121090205",0.499095840867993,3864,7742
"121090206",0.458637611731028,31402,68468
"121090207",0.59079283887468,34188,57868
"121090208",0.444063358447525,55285,124498
"121090209",0.343072877172037,42528,123962
"121090210",0.313035168195719,8189,26160
"121090211",0.036063127957666,1547,42897
"121090212",0.380095814878424,16820,44252
"121090213",0.363126819579354,13346,36753
"121090214",0.365660965558474,17125,46833
"121099901",NA,0,0
"121113801",0.5,1032,2064
"121113802",1,3446,3446
"121113803",0.5,6171,12342
"121113804",0.5,6919,13838
"121113805",0.5,6543,13086
"121113806",1,4035,4035
"121113807",0.340386734034874,8960,26323
"121113808",0.0260543580131209,278,10670
"121113809",0.324504992384498,7670,23636
"121113810",0.319781667607755,1699,5313
"121113811",0.515063850890606,12463,24197
"121113812",0.988885801611559,3559,3599
"121113813",0.497628726287263,4407,8856
"121113814",0.333777608530084,12271,36764
"121113815",0.454207463064256,23334,51373
"121113816",0.584746941045606,16822,28768
"121113817",1,4988,4988
"121113818",0.462629175678923,17325,37449
"121113819",1,6412,6412
"121113820",0.467407177110125,49612,106143
"121113821",0.582214164972194,118827,204095
"121113822",0.0311097353350874,804,25844
"121119800",1,2,2
"121130103",0.286092162049283,12330,43098
"121130105",0.267202402824597,16725,62593
"121130106",0.390154114931054,6253,16027
"121130107",0.33995891796879,33266,97853
"121130108",0.348645298226514,76217,218609
"121130109",0.919073310060298,5792,6302
"121150001",0.41112206665352,10424,25355
"121150002",0.343101182654402,5222,15220
"121150003",0.5,3962,7924
"121150004",0.418869964855366,15494,36990
"121150005",0.498192667393425,8683,17429
"121150006",0.382371753869771,5978,15634
"121150007",0.479458754483208,2941,6134
"121150008",1,4759,4759
"121150009",0.5,2394,4788
"121150010",0.430576631259484,3405,7908
"121150011",0.313791509869941,9506,30294
"121150012",0.415894256542467,20326,48873
"121150013",0.635239355633642,13920,21913
"121150014",0.459704955349326,21003,45688
"121150015",0.533884657236126,24532,45950
"121150016",0.404621408481774,7337,18133
"121150017",0.348742462925743,12840,36818
"121150018",0.45932126510247,11139,24251
"121150019",0.412445087026636,7417,17983
"121150020",0.515826735800003,35118,68081
"121150021",0.261587639850826,6874,26278
"121150022",0.461948599923283,12043,26070
"121150023",0.713793469041561,13465,18864
"121150024",0.740357897076803,6661,8997
"121150025",0.526829998289721,24643,46776
"121150026",0.736539153375705,12284,16678
"121150027",0.482063930937084,121174,251365
"121170201",1,2509,2509
"121170202",0.46497689196996,6439,13848
"121170203",1,4415,4415
"121170204",0.37710490947901,4770,12649
"121170205",1,2778,2778
"121170206",0.388151572604732,14945,38503
"121170207",0.476616510776739,35160,73770
"121170208",0.386792376872972,48040,124201
"121170209",0.383249630108154,18391,47987
"121170210",0.208009666839289,3615,17379
"121170211",0.294800929263799,3680,12483
"121170212",0.229233870967742,13644,59520
"121170213",0.392581128743517,80920,206123
"121170214",0.35613563046755,25281,70987
"121170215",0.461341995635787,18605,40328
"121170216",0.427188575944009,45411,106302
"121170217",0.464317662260213,28029,60366
"121170218",0.40574661463108,15491,38179
"121170219",0.343167814425516,9468,27590
"121170220",0.439187329546876,17553,39967
"121170221",0.321918843354072,25561,79402
"121170222",0.459804009174039,30874,67146
"121199101",0.153616385747813,2160,14061
"121199103",0.30798247748844,7593,24654
"121199104",0.068918236270477,955,13857
"121199105",0.0908364217716736,1250,13761
"121199106",0.0891373411534702,1459,16368
"121199108",0.333333333333333,3885,11655
"121199112",0.402642925497027,37447,93003
"121199113",0.305985962124222,4621,15102
"121199114",0.387748767573489,21237,54770
"121199115",0.0336717428087986,199,5910
"121199117",0.397450660096939,14842,37343
"121199801",1,6107,6107
"121219701",0.167318687932591,2780,16615
"121219702",0.0564274378416505,640,11342
"121219704",0.171226738362592,3248,18969
"121239501",0.173827534039334,1149,6610
"121239502",0.162611046736192,1684,10356
"121239503",0.291571394780415,3698,12683
"121270801",0.314265000345232,9103,28966
"121270802",0.5,5394,10788
"121270803",0.333333333333333,3205,9615
"121270804",0.5,3401,6802
"121270805",1,2482,2482
"121270806",0.33295085102314,3482,10458
"121270807",0.487483236477425,4362,8948
"121270808",0.338943633268599,28274,83418
"121270809",0.5,8358,16716
"121270810",0.5,4519,9038
"121270811",1,4389,4389
"121270812",0.58807423182233,3866,6574
"121270813",0.5,2133,4266
"121270815",0.5,1966,3932
"121270816",0.5,2321,4642
"121270817",0.499933065595716,7469,14940
"121270818",0.5,2707,5414
"121270819",0.5,3056,6112
"121270820",0.5,2477,4954
"121270821",1,4329,4329
"121270822",0.579773063640849,5876,10135
"121270823",0.683928241168855,7396,10814
"121270824",0.469213153561136,36471,77728
"121270825",0.471287640546246,32820,69639
"121270826",0.368759088705768,12172,33008
"121270827",0.534954233409611,9351,17480
"121270828",0.392306251170924,6282,16013
"121270829",0.243632879045997,11441,46960
"121270830",0.360851462762291,26174,72534
"121270832",0.212309855883985,32911,155014
"121270901",0.0062374052394204,130,20842
"121270902",0.218938183605752,17815,81370
"121270903",0.341801624670151,26424,77308
"121270904",0.588594704684318,5780,9820
"121270905",1,2178,2178
"121270906",0.5,7015,14030
"121270907",0.297339390006489,9164,30820
"121270908",0.263292860380239,22075,83842
"121270909",0.728315941348186,21706,29803
"121270910",0.41094660721145,98425,239508
"121270925",0.5,7388,14776
"121290102",0.151522861632867,10124,66815
"121319502",0.153366134645386,2556,16666
"121319503",0.179176833183511,5581,31148
"121319505",0.0181909016104385,619,34028
"121319506",0.424456027426013,24267,57172
